,closed_pnl,size_usd
closed_pnl,1.0,0.13121414095143283
size_usd,0.13121414095143283,1.0
